title,url,thumbnail_url,channel,description,views,upload_time
‡§π‡§∞‡§§‡§æ‡§≤‡§ø‡§ï‡§æ ‡§µ‡•ç‡§∞‡§§ ‡§ï‡§•‡§æ | Hartalika Kahani | Hartalika Vrat Katha in Marathi | Hariyali Teej katha Marathi,https://www.youtube.com/watch?v=xGCitQKdkTE,https://i.ytimg.com/vi/xGCitQKdkTE/hqdefault.jpg?sqp=-oaymwE2CPYBEIoBSFXyq4qpAygIARUAAIhCGAFwAcABBvABAfgB_gmAAtAFigIMCAAQARhlIEEoXTAP&rs=AOn4CLDoZfTnrkqvUPUfPU6Nlzu1Lo65Iw,Sonic Octaves Shraddha,Listen to Hartalika Vrat Katha in the voice of Shri. Mahadev Vaishampayan Guruji. For more videos üîî Subscribe/‡§∏‡•Å‡§¨‡•ç‡§∏‡•ç‡§ï‡•ç‡§∞‡§ø‡§¨ to our youtube channel Sonic Octaves Shraddha...,196K views,1 day ago
Ganpati | Mazi bayko series | Vinayak Mali Comedy,https://www.youtube.com/watch?v=RFdUvUF8gl0,https://i.ytimg.com/vi/RFdUvUF8gl0/hqdefault.jpg?sqp=-oaymwEcCPYBEIoBSFXyq4qpAw4IARUAAIhCGAFwAcABBg==&rs=AOn4CLDaPUkBzY0bSuHH7PvLlND7y9HxTQ,Vinayak Mali,Cast Payal Patil Darpan Patil Nidhi Jadhav Satosh thombare sunny dasle kamlabai kanekar kruti koli anagha kadu Cameraman Yogendra mule Shubham Directional Team VM Rutikesh thombare...,571K views,1 day ago
Taaza Khabar | Season 2 | Official Trailer | Hotstar Specials | Sept 27 | BB Ki Vines Productions,https://www.youtube.com/watch?v=yYF6basS7mg,,BB Ki Vines,"Don't forget to watch the series ""Taaza Khabar"" starring Bhuvan Bam, streaming exclusively on Disney+ Hotstar! http://www.hotstar.com/1260127221 Karza aur gunah chukaane padhte hain! Kabhi...",3.4M views,2 days ago
HOW DID TANMAY BHAT LOSE WEIGHT?!,https://www.youtube.com/watch?v=9YXO30A3ABE,,Tanmay Bhat,Hackathon Sign up: https://www.colosseum.org/radar?ref=tanmay Idea Bank: https://build.superteam.fun/ WA community: https://bit.ly/superteam-radar-whatsapp-community FOLLOW: ‚Ä¢ Rohan Joshi...,1.3M views,1 day ago
"Sector 36 | Official Trailer | Vikrant Massey, Deepak Dobriyal, Dinesh Vijan | Netflix India",https://www.youtube.com/watch?v=eES65pr2POM,,Netflix India,"Vikrant Massey and Deepak Dobriyal, in a killer cat and mouse chase to the dark and unsettling truth. Inspired by true events, Sector 36 comes to Netflix on 13 September. ‚ñ∫‚ñ∫ Follow Netflix...",8.8M views,1 day ago
SOLO 7 FINISHES DOMINATION | JONATHAN IS BACK | BGMI,https://www.youtube.com/watch?v=-s4xZq84mDY,,JONATHAN GAMING,"If you liked the Video don‚Äôt forget to Like, Share and Subscribe. Hey Guys, Welcome to my Youtube Channel, I'm Jonathan Amaral, you might know me as Jonathan Gaming. I started my professional...",505K views,1 day ago
A Minecraft Movie | Teaser,https://www.youtube.com/watch?v=PE2YZhcC4NY,,Warner Bros. Pictures,"Be There and Be Square. #MinecraftMovie - only in theaters 2025 From Warner Bros. Pictures and Legendary Pictures and starring Jason Momoa and Jack Black, ‚ÄúA Minecraft Movie,‚Äù directed...",21M views,2 days ago
Kabhi Main Kabhi Tum Episode 18 | Fahad Mustafa | Hania Aamir | 3 Sep 2024 (Eng Sub) ARY Digital,https://www.youtube.com/watch?v=C6eSmWvSFxM,,ARY Digital HD,"Watch all the episode of Kabhi Main Kabhi Tum here: https://bit.ly/3zNNsGu Kabhi Main Kabhi Tum | Episode 18 | Digitally Presented by Master Paints , foodpanda , Sunsilk & Skin White | Fahad...",13M views,3 days ago
Daavudi - ‡∞¶‡∞æ‡∞µ‡±Ç‡∞¶‡±Ä Video Song | Devara | NTR | Janhvi Kapoor | Koratala Siva | Anirudh | 27 Sep,https://www.youtube.com/watch?v=22IEnKGVuUY,,T-Series Telugu,"Here‚Äôs #Daavudi Telugu video song from Devara Part - 1 ft. NTR, Janhvi Kapoor. Written & Directed by Koratala Siva. The Film‚Äôs music is composed by Anirudh Ravichander. Grand Release on...",22M views,2 days ago
"Rs1 vs Rs1,00,000 SECRET BASE BUILD BATTLE IN MINECRAFT",https://www.youtube.com/watch?v=q-MSYDzSMa0,,ProBoiz 95,"So Today, we will do a Secret Base Build Battle Challenge in Minecraft with my Friend @junkeyy where we get from Rs1 Items to Rs1,00,000 Items to build the base. Can I Win this? Comments me...",1.9M views,3 days ago
